Brand,Model,Category
Acura,CL,coupes
Acura,Legend coupe,coupes
Acura,NSX,coupes
Acura,RSX,coupes
Acura,CSX,sedans
Acura,EL,sedans
Acura,ILX,sedans
Acura,RL,sedans
Acura,RLX,sedans
Acura,TL,sedans
Acura,TLX,sedans
Acura,TSX sedans,sedans
Acura,Vigor,sedans
Acura,CDX,SUVs
Acura,MDX,SUVs
Acura,RDX,SUVs
Acura,SLX,SUVs
Acura,ZDX,SUVs
Audi,100 Avant,Avant
Audi,200 Avant C3,Avant
Audi,5000 Avant C3,Avant
Audi,80 Avant,Avant
Audi,A4 Avant,Avant
Audi,A6 Avant,Avant
Audi,100 Coupé S,coupes
Audi,A5 Coupé,coupes
Audi,Coupé,coupes
Audi,Quattro,coupes
Audi,R8 coupes,coupes
Audi,TT,coupes
Audi,100 C2 Avant,hatchbacks
Audi,A1,hatchbacks
Audi,A3,hatchbacks
Audi,A5 Sportback,hatchbacks
Audi,A7,hatchbacks
Audi,4000,sedans
Audi,A4 sedans,sedans
Audi,A6 sedans,sedans
Audi,A3 8V Sedan,sedans
Audi,A3 8Y Sedan,sedans
Audi,A8,sedans
Audi,V8,sedans
Audi,Allroad Quattro,SUVs
Audi,e-tron,SUVs
Audi,Q2,SUVs
Audi,Q3,SUVs
Audi,Q4,SUVs
Audi,Q5,SUVs
Audi,Q7,SUVs
Audi,Q8,SUVs
Bentley,Brooklands (2008),coupes
Bentley,Continental (1991-2002),coupes
Bentley,Continental GT Mulliner,coupes
Bentley,Continental GT3-R,coupes
Bentley,Azure,convertibles
Bentley,Continental 1984-1991,convertibles
Bentley,Continental convertibles,convertibles
Bentley,State Limousine (2002),limousines
Bentley,Arnage,sedans
Bentley,Continental Flying Spur Speed,sedans
Bentley,Flying Spur,sedans
Bentley,Mulsanne,sedans
Bentley,S3 standard saloon,sedans
Bentley,Continental Flying Star,shooting
BMW,Active Tourer,minivans
BMW,2 Series Gran Tourer,minivans
BMW,507,roadsters
BMW,Z,roadsters
BMW,110,convertibles
BMW,328,convertibles
BMW,Baur TopCabriolet 1,convertibles
BMW,Baur TopCabriolet 2,convertibles
BMW,Baur TopCabriolet 4,convertibles
BMW,E36/2C,convertibles
BMW,E36/7,convertibles
BMW,E46/2C,convertibles
BMW,E64,convertibles
BMW,E88,convertibles
BMW,F12,convertibles
BMW,F33,convertibles
BMW,Typ 114C,convertibles
BMW,E30/2C,convertibles
BMW,E93,convertibles
BMW,F23,convertibles
BMW,Z1,convertibles
BMW,i8 Roadster,convertibles
BMW,119,coupes
BMW,1600 GT,coupes
BMW,2000 C,coupes
BMW,503,coupes
BMW,E9,coupes
BMW,E36/2,coupes
BMW,E46/2,coupes
BMW,E63,coupes
BMW,E82,coupes
BMW,E86,coupes
BMW,E92,coupes
BMW,F13,coupes
BMW,F32,coupes
BMW,Gran Lusso Coupé,coupes
BMW,M1,coupes
BMW,Gran Turismo model,fastbacks
BMW,7 Series,sedans
BMW,E36/4,sedans
BMW,E46/4,sedans
BMW,E60,sedans
BMW,E90,sedans
BMW,F10,sedans
BMW,F18,sedans
BMW,G30,sedans
BMW,G38,sedans
BMW,M5 (E34),sedans
BMW,Gran Coupé model,sedans
BMW,"320d, BMW 335i Gran Turismo, BMW 330d in Munich.JPG",sedans
BMW,X1,SUVs
BMW,X2,SUVs
BMW,X3,SUVs
BMW,X5,SUVs
BMW,X7,SUVs
BMW,00 touring Series,touring
BMW,3 Series Touring,touring
BMW,5 Series Touring,touring
Buick,Excelle XT,hatchbacks
Buick,Velite 5,hatchbacks
Buick,Verano Hatchback,hatchbacks
Buick,GL6,minivans
Buick,GL8,minivans
Buick,Terraza,minivans
Buick,Allure,sedans
Buick,Apollo,sedans
Buick,Excelle GT,sedans
Buick,LaCrosse,sedans
Buick,LeSabre,sedans
Buick,Lucerne,sedans
Buick,"""New Century""",sedans
Buick,Skyhawk,sedans
Buick,Verano,sedans
Buick,Century Caballero,station
Buick,Electra Estate,station
Buick,Excelle GX,station
Buick,LeSabre Estate,station
Buick,Regal TourX,station
Buick,Roadmaster Estate,station
Buick,Special Estate,station
Buick,Sport Wagon,station
Buick,Super Estate,station
Buick,woodies,station
Buick,Enclave,SUVs
Buick,Encore,SUVs
Buick,Envision,SUVs
Buick,Rainier,SUVs
Buick,Rendezvous,SUVs
Cadillac,CTS Wagon,station
Cadillac,BLS Wagon D front.JPG,station
Cadillac,BLS Wagon D rear.JPG,station
Cadillac,Series 62 Convertible,convertibles
Cadillac,DeVille convertible,convertibles
Cadillac,Eldorado (8th generation) Cabriolet,convertibles
Cadillac,Eldorado Biarritz,convertibles
Cadillac,Series 75,limousines
Cadillac,stretch limousines,limousines
Cadillac,DeVille limousines,limousines
Cadillac,DTS-L,limousines
Cadillac,DTS Presidential State Car,limousines
Cadillac,Presidential Limousine (2009),limousines
Cadillac,Escalade III Limousine China 2012-08-09.JPG,limousines
Cadillac,Series 60 Special,sedans
Cadillac,Catera,sedans
Cadillac,Cimarron,sedans
Cadillac,CTS (1st generation),sedans
Cadillac,DeVille,sedans
Cadillac,DTS,sedans
Cadillac,Seville (K-body),sedans
Cadillac,STS,sedans
Cadillac,XTS,sedans
Cadillac,Escalade,SUVs
Cadillac,SRX,SUVs
Cadillac,XT4,SUVs
Cadillac,XT5,SUVs
Cadillac,XT6,SUVs
Chevrolet,Beretta,coupes
Chevrolet,Camaro COPO,coupes
Chevrolet,Cobalt Coupe,coupes
Chevrolet,Deluxe Bel Air,coupes
Chevrolet,Monte Carlo,coupes
Chevrolet,Monza (H-body),coupes
Chevrolet,Tigra,coupes
Chevrolet,Tru 140S Concept,coupes
Chevrolet,vans,minivans
Chevrolet,Combo,minivans
Chevrolet,Trans Sport,minivans
Chevrolet,Uplander,minivans
Chevrolet,Venture,minivans
Chevrolet,Vivant,minivans
Chevrolet,Zafira,minivans
Chevrolet,vans,minivans
Chevrolet,Camaro convertibles,convertibles
Chevrolet,Corvette convertibles,convertibles
Chevrolet,Impala Convertible 1972 Heck.JPG,convertibles
Chevrolet,Impala Convertible 1972.JPG,convertibles
Chevrolet,Agile,hatchbacks
Chevrolet,Alto,hatchbacks
Chevrolet,Bolt EV,hatchbacks
Chevrolet,Celta,hatchbacks
Chevrolet,Lova RV,hatchbacks
Chevrolet,Malibu MAXX,hatchbacks
Chevrolet,Onix (Gamma II),hatchbacks
Chevrolet,Optra,hatchbacks
Chevrolet,Volt,hatchbacks
Chevrolet,Alero,sedans
Chevrolet,Aveo (T200) sedan,sedans
Chevrolet,Aveo (T250) sedan,sedans
Chevrolet,Classic (GM4200),sedans
Chevrolet,Cobalt (Brazil),sedans
Chevrolet,Cobalt Sedan,sedans
Chevrolet,Corsa sedan,sedans
Chevrolet,Corsica,sedans
Chevrolet,Impala (tenth generation),sedans
Chevrolet,Impala (W-body),sedans
Chevrolet,Lova,sedans
Chevrolet,Lumina (second generation),sedans
Chevrolet,"Monza (Brazil, sedan)",sedans
Chevrolet,Omega,sedans
Chevrolet,Prisma,sedans
Chevrolet,Brookwood,station
Chevrolet,Caprice Wagon,station
Chevrolet,Chevelle Greenbrier,station
Chevrolet,Chevy II / Nova station wagons,station
Chevrolet,Corsa station wagon,station
Chevrolet,Handyman,station
Chevrolet,Ipanema,station
Chevrolet,Kingswood,station
Chevrolet,Kingswood Estate,station
Chevrolet,Lakewood,station
Chevrolet,Marajó,station
Chevrolet,Nomad,station
Chevrolet,Optra,station
Chevrolet,Parkwood,station
Chevrolet,Townsman,station
Chevrolet,Vega Kammback,station
Chevrolet,Yeoman,station
Chevrolet,Chevelle Wagon (Orange Julep).JPG,station
Chevrolet,Avalanche,SUVs
Chevrolet,Blazer,SUVs
Chevrolet,Captiva,SUVs
Chevrolet,Equinox,SUVs
Chevrolet,LUV Wagon,SUVs
Chevrolet,Niva,SUVs
Chevrolet,Suburban,SUVs
Chevrolet,Tahoe,SUVs
Chevrolet,Tracker,SUVs
Chevrolet,TrailBlazer,SUVs
Chevrolet,Traverse,SUVs
Chevrolet,Trax,SUVs
Chrysler,Charger,coupes
Chrysler,Conquest,coupes
Chrysler,Cordoba,coupes
Chrysler,Crossfire,coupes
Chrysler,J platform,coupes
Chrysler,Valiant Charger,coupes
Chrysler,LeBaron GTS,hatchbacks
Chrysler,PT Cruiser,hatchbacks
Chrysler,Ypsilon,hatchbacks
Chrysler,Caravan,minivans
Chrysler,Pacifica (RU),minivans
Chrysler,RT,minivans
Chrysler,S platform,minivans
Chrysler,Town & Country (minivan),minivans
Chrysler,PT Cruiser convertible,convertibles
Chrysler,Sebring convertible,convertibles
Chrysler,Town & Country convertibles,convertibles
Chrysler,300 (2004) stretch limousines,limousines
Chrysler,300 (2011) stretch limousines,limousines
Chrysler,AA,sedans
Chrysler,C platform (FWD),sedans
Chrysler,E-Class,sedans
Chrysler,Fifth Avenue,sedans
Chrysler,Imperial (Y-Body),sedans
Chrysler,LH New Yorker,sedans
Chrysler,LH platform,sedans
Chrysler,Neon,sedans
Chrysler,New Yorker (E-Body),sedans
Chrysler,R platform,sedans
Chrysler,Shadow,sedans
Chrysler,300C Touring,station
Chrysler,LeBaron Town & Country (M-body),station
Chrysler,Town & Country (1951–1964),station
Chrysler,Town & Country (C-body),station
Chrysler,Town & Country Barrelback Stationwagon in the Louwman Museum,station
Chrysler,Town & Country Barrelback Stationwagon in the Walter P. Chrysler Museum,station
Citroen,2CV,convertibles
Citroen,C3 Pluriel,convertibles
Citroen,DS Cabriolet,convertibles
Citroen,DS3 Cabrio,convertibles
Citroen,Dyane,convertibles
Citroen,SM Cabriolet,convertibles
Citroen,SM présidentielle,convertibles
Citroen,Traction Avant Cabriolet,convertibles
Citroen,Visa Décapotable,convertibles
Citroen,DS Coupés,coupes
Citroen,M35,coupes
Citroen,SM,coupes
Citroen,C6 (2005),fastbacks
Citroen,CX,fastbacks
Citroen,AX,hatchbacks
Citroen,C4 Cactus,hatchbacks
Citroen,ZX,hatchbacks
Citroen,SM Opéra,limousines
Citroen,C3 Picasso,microvans
Citroen,Nemo,microvans
Citroen,C4 Picasso,minivans
Citroen,Évasion,minivans
Citroen,Xsara Picasso,minivans
Citroen,C-Elysée (2nd generation),sedans
Citroen,C-Triomphe,sedans
Citroen,BX Break,station
Citroen,CX Break,station
Citroen,DS Break,station
Citroen,Xantia Break,station
Citroen,XM Break,station
Citroen,Xsara Break,station
Citroen,ZX Break,station
Citroen,C-Crosser,SUVs
Citroen,C3 Aircross,SUVs
Citroen,C3-XR,SUVs
Citroen,C4 Aircross,SUVs
Citroen,C5 Aircross,SUVs
Citroen,Lacoste,SUVs
Daimler,Fifteen Wingham cabriolet,convertibles
Daimler,Eighteen 4-door cabriolet,convertibles
Daimler,Eighteen coupé,convertibles
Daimler,Eighteen Dolphin,convertibles
Daimler,Eighteen Empress convertible,convertibles
Daimler,SP250,convertibles
Daimler,SP252,convertibles
Daimler,Twenty dropheads,convertibles
Daimler,Conquest drop head coupé 252,convertibles
Daimler,Conquest drop head coupé 254,convertibles
Daimler,Conquest roadster 254,convertibles
Daimler,Thirty-Two All-Weather cars,convertibles
Daimler,DK400 dropheads,convertibles
Daimler,Thirty-Six All-Weather cars,convertibles
Daimler,Thirty-Six Green Goddess,convertibles
Daimler,Thirty-Six landaulets,convertibles
Daimler,double-six coupé,convertibles
Daimler,EL24 Limousine May 1939 2800cc.JPG,limousines
Daimler,Thirty-Six (1) Travelarz.JPG,limousines
Daimler,DR450 Limousine 4561cc registered December 1967.JPG,limousines
Daimler,Limousine (1972) pic1.JPG,limousines
Daimler,Limousine (1972) pic2.JPG,limousines
Daimler,Limousine (1972) pic3.JPG,limousines
Daimler,Limousine (1972) pic4.JPG,limousines
Daimler,Limousine (1972) pic5.JPG,limousines
Daimler,Limousine (1972) pic6.JPG,limousines
Daimler,Majestic Major first reg Dec 1967 4561cc.JPG,limousines
Daimler,6hp Twin-cylinder six-seat brake in the Louwman Museum,shooting
Dodge,Challenger,coupes
Dodge,Daytona,coupes
Dodge,Neon coupe,coupes
Dodge,Stealth,coupes
Dodge,Viper GTS,coupes
Dodge,Viper SRT10 GTS,coupes
Dodge,Attitude,sedans
Dodge,Avenger (JS),sedans
Dodge,Dart (2013),sedans
Dodge,Neon,sedans
Dodge,Colt Wagon,station
Dodge,Magnum (LX),station
Dodge,Sierra,station
Dodge,Durango,SUVs
Dodge,JC,SUVs
Dodge,JCUV,SUVs
Dodge,Journey,SUVs
Dodge,Nitro,SUVs
Dodge,Ramcharger,SUVs
Ferrari,275 GTS,roadsters
Ferrari,360 Spider,roadsters
Ferrari,458 Spider,roadsters
Ferrari,488 Spider,roadsters
Ferrari,550 Barchetta,roadsters
Ferrari,575 Superamerica,roadsters
Ferrari,F355 Spider,roadsters
Ferrari,F430 Spider,roadsters
Ferrari,F50,roadsters
Ferrari,F8 Spider,roadsters
Ferrari,LaFerrari Aperta,roadsters
Ferrari,308 GTS,convertibles
Ferrari,330 GTS,convertibles
Ferrari,812 GTS,convertibles
Ferrari,Portofino,convertibles
Ferrari,308,coupes
Ferrari,330 GTC,coupes
Ferrari,360 Modena,coupes
Ferrari,412,coupes
Ferrari,550 Maranello,coupes
Ferrari,575M Maranello,coupes
Ferrari,812 Superfast,coupes
Ferrari,F8 Tributo,coupes
Ferrari,Tipo F101,coupes
Ferrari,SF90 Stradale,coupes
Ferrari,456 GT Venice,station
Ferrari,FF,station
Ferrari,GTC4Lusso,station
Fiat,147,hatchbacks
Fiat,500 (2007),hatchbacks
Fiat,Argo,hatchbacks
Fiat,Brava,hatchbacks
Fiat,Bravo,hatchbacks
Fiat,Mobi,hatchbacks
Fiat,Ottimo,hatchbacks
Fiat,Palio,hatchbacks
Fiat,Panda,hatchbacks
Fiat,Punto,hatchbacks
Fiat,Ritmo,hatchbacks
Fiat,Seicento,hatchbacks
Fiat,Stilo,hatchbacks
Fiat,Uno,hatchbacks
Fiat,500L,minivans
Fiat,500L Living,minivans
Fiat,Idea,minivans
Fiat,Multipla (1998),minivans
Fiat,1100 S,coupes
Fiat,1100 S Pinin Farina,coupes
Fiat,124 Sport Coupé,coupes
Fiat,128 3P,coupes
Fiat,128 Sport,coupes
Fiat,130 Coupé,coupes
Fiat,1500 Coupé (1963–66),coupes
Fiat,1500 Ghia,coupes
Fiat,1900 Granluce,coupes
Fiat,2300 Coupé,coupes
Fiat,500 Zagato Panoramica,coupes
Fiat,508 C MM,coupes
Fiat,850 Coupé,coupes
Fiat,850 Coupé Vignale,coupes
Fiat,850 Racer Berlinetta,coupes
Fiat,8V,coupes
Fiat,Coupé,coupes
Fiat,Dino Coupé,coupes
Fiat,500 Moretti Coupé,coupes
Fiat,Moretti Sportiva,coupes
Fiat,Samantha,coupes
Fiat,"1100 A, B and E",sedans
Fiat,1100-103,sedans
Fiat,1100 D (1962),sedans
Fiat,1100 R,sedans
Fiat,124 sedan,sedans
Fiat,125,sedans
Fiat,128 Sedan,sedans
Fiat,128 Rally,sedans
Fiat,130 Sedan,sedans
Fiat,1300 Berlina,sedans
Fiat,131,sedans
Fiat,132,sedans
Fiat,1400,sedans
Fiat,1500 (1935),sedans
Fiat,1500 Berlina,sedans
Fiat,1500 L,sedans
Fiat,1800,sedans
Fiat,1900,sedans
Fiat,2100,sedans
Fiat,2300 Berlina,sedans
Fiat,"500 ""Topolino""",sedans
Fiat,"500 B ""Topolino""",sedans
Fiat,"500 C ""Topolino""",sedans
Fiat,500 (1957-1975),sedans
Fiat,600,sedans
Fiat,850,sedans
Fiat,Albea,sedans
Fiat,Argenta,sedans
Fiat,Croma (1985),sedans
Fiat,Cronos,sedans
Fiat,Duna,sedans
Fiat,Linea,sedans
Fiat,Marea,sedans
Fiat,Oggi,sedans
Fiat,Perla,sedans
Fiat,Prêmio,sedans
Fiat,Regata,sedans
Fiat,Siena,sedans
Fiat,Tempra,sedans
Fiat,Viaggio,sedans
Fiat,1100 Familiare,station
Fiat,124 Familiare,station
Fiat,125 Familiar,station
Fiat,128 Panorama,station
Fiat,131 Panorama,station
Fiat,147 Panorama,station
Fiat,1500 Familiare,station
Fiat,2100 Familiare,station
Fiat,2300 Familiare,station
Fiat,500 C Belvedere,station
Fiat,500 C Giardiniera,station
Fiat,500 Giardiniera,station
Fiat,Croma (2005),station
Fiat,Duna Weekend,station
Fiat,Elba,station
Fiat,Marea Weekend,station
Fiat,Marengo,station
Fiat,Palio Weekend,station
Fiat,Penny,station
Fiat,Regata Weekend,station
Fiat,Stilo Multiwagon,station
Fiat,Tempra Station Wagon,station
Fiat,500L Trekking,SUVs
Fiat,500X,SUVs
Fiat,Freemont,SUVs
Fiat,Panda 4x4,SUVs
Fiat,Sedici,SUVs
Fiat,Targa top convertibles,hardtop
Fiat,1107 Nuova Campagnola popemobile,Popemobiles
Ford,Aspire,hatchbacks
Ford,Escort MkV,hatchbacks
Ford,Fiesta,hatchbacks
Ford,Festiva,hatchbacks
Ford,Laser (KJ) five-door hatchback,hatchbacks
Ford,Mondeo Mk IV (hatchback),hatchbacks
Ford,Mondeo Mk V (hatchback),hatchbacks
Ford,Pinto hatchback,hatchbacks
Ford,Aerostar,minivans
Ford,C-Max,minivans
Ford,Freestar,minivans
Ford,Fusion (Europe),minivans
Ford,Galaxy,minivans
Ford,I-Max,minivans
Ford,Ixion,minivans
Ford,S-Max,minivans
Ford,Spectron,minivans
Ford,Windstar,minivans
Ford,Escort Cabriolet,convertibles
Ford,Mustang convertibles,convertibles
Ford,Skyliner,convertibles
Ford,Super Deluxe Sportsman convertible,convertibles
Ford,Sunliner,convertibles
Ford,Model T speedsters,convertibles
Ford,Thunderbird convertibles,convertibles
Ford,Capri,coupes
Ford,Comète,coupes
Ford,Cougar,coupes
Ford,Crown Victoria (1955),coupes
Ford,Crown Victoria (1956),coupes
Ford,Elite,coupes
Ford,EXP,coupes
Ford,Puma (1997),coupes
Ford,GT coupes,coupes
Ford,Landau (Australia),coupes
Ford,Maverick,coupes
Ford,Probe,coupes
Ford,RS200,coupes
Ford,Model T Coupe,coupes
Ford,Torino Cobra,coupes
Ford,ZX2,coupes
Ford,Cortina Bodycraft Fastback,fastbacks
Ford,Taunus G93A,fastbacks
Ford,Mustang V,fastbacks
Ford,Mustang VI,fastbacks
Ford,Capri (Australia),Roadster
Ford,StreetKa,Roadster
Ford,Model T Runabout,Roadster
Ford,Thunderbird (first generation),Roadster
Ford,Roadster 1937.JPG,Roadster
Ford,Roadster race-car.JPG,Roadster
Ford,AU,sedans
Ford,Contour,sedans
Ford,Crown Victoria (1998),sedans
Ford,Del Rey,sedans
Ford,Fiesta Classic,sedans
Ford,Fiesta MK6 Sedan,sedans
Ford,Fiesta Sedán,sedans
Ford,Figo Aspire,sedans
Ford,Five Hundred,sedans
Ford,Fusion (Americas),sedans
Ford,Granada,sedans
Ford,Mondeo Mk IV (sedan),sedans
Ford,Mondeo Mk V (sedan),sedans
Ford,Orion,sedans
Ford,Sierra Sapphire,sedans
Ford,Model T sedans,sedans
Ford,Thunderbird sedans,sedans
Ford,Verona,sedans
Ford,Versailles,sedans
Ford,Bronco,SUVs
Ford,EcoSport,SUVs
Ford,Edge,SUVs
Ford,Endeavour,SUVs
Ford,Escape,SUVs
Ford,Everest,SUVs
Ford,Excursion,SUVs
Ford,Expedition,SUVs
Ford,Explorer,SUVs
Ford,Flex,SUVs
Ford,Freestyle,SUVs
Ford,Mustang Mach-E,SUVs
Ford,Puma (2019),SUVs
Ford,Kuga,SUVs
Ford,Maverick (SUV),SUVs
Ford,Raider,SUVs
Ford,Taurus X,SUVs
Ford,Territory,SUVs
Holden,Calibra,coupes
Holden,Monaro,coupes
Holden,Volt,hatchbacks
Holden,Caprice,sedans
Holden,Adventra,station
Holden,Acadia,SUVs
Holden,Colorado 7,SUVs
Holden,Equinox,SUVs
Holden,Monterey,SUVs
Holden,Trax,SUVs
Honda,Accord coupe,coupes
Honda,Civic coupe,coupes
Honda,Civic Del Sol,coupes
Honda,HSC,coupes
Honda,Integra DC5,coupes
Honda,Integra Type R,coupes
Honda,Legend coupe,coupes
Honda,NSX,coupes
Honda,S600 Coupe,coupes
Honda,Capa,minivans
Honda,Edix,minivans
Honda,FR-V,minivans
Honda,Freed,minivans
Honda,Jade,minivans
Honda,Lagreat,minivans
Honda,Mobilio,minivans
Honda,Odyssey,minivans
Honda,Shuttle (1994),minivans
Honda,Step WGN,minivans
Honda,Stream,minivans
Honda,S2000,roadsters
Honda,S360,roadsters
Honda,S500,roadsters
Honda,S600,roadsters
Honda,S800,roadsters
Honda,"Civic (2005, Japan)",fastbacks
Honda,Concerto,fastbacks
Honda,Accord Crosstour,hatchbacks
Honda,Brio,hatchbacks
Honda,City (1st generation),hatchbacks
Honda,"Civic (2005, Europa)",hatchbacks
Honda,Civic (2015) hatchback,hatchbacks
Honda,CR-Z,hatchbacks
Honda,e,hatchbacks
Honda,Fit,hatchbacks
Honda,Gienia,hatchbacks
Honda,Jazz,hatchbacks
Honda,Urban EV Concept,hatchbacks
Honda,concept kei cars,K-Cars
Honda,Acty,K-Cars
Honda,Beat,K-Cars
Honda,Life,K-Cars
Honda,LN360,K-Cars
Honda,N-III,K-Cars
Honda,N-Box,K-Cars
Honda,N-One,K-Cars
Honda,N-Van,K-Cars
Honda,N-WGN,K-Cars
Honda,N360,K-Cars
Honda,S660,K-Cars
Honda,T360,K-Cars
Honda,That's,K-Cars
Honda,TN,K-Cars
Honda,TN-III,K-Cars
Honda,TN-V,K-Cars
Honda,TN360,K-Cars
Honda,Today,K-Cars
Honda,Vamos,K-Cars
Honda,Z360,K-Cars
Honda,Z660,K-Cars
Honda,Zest,K-Cars
Honda,Accord Euro,sedans
Honda,Amaze,sedans
Honda,City (3rd generation),sedans
Honda,City (4th generation),sedans
Honda,City (5th generation),sedans
Honda,"Civic (2005, Japan)",sedans
Honda,Civic sedan,sedans
Honda,Crider,sedans
Honda,Envix,sedans
Honda,Fit Aria,sedans
Honda,Grace,sedans
Honda,Greiz,sedans
Honda,Accord wagon,station
Honda,Airwave,station
Honda,Avancier (Japan),station
Honda,Civic wagon,station
Honda,Fit Shuttle,station
Honda,Orthia,station
Honda,Partner (1st generation),station
Honda,Shuttle (2015),station
Honda,Avancier (China),SUVs
Honda,BR-V,SUVs
Honda,Breeze,SUVs
Honda,CR-V,SUVs
Honda,Crossroad,SUVs
Honda,Element,SUVs
Honda,HR-V,SUVs
Honda,MDX,SUVs
Honda,Passport,SUVs
Honda,Pilot,SUVs
Honda,UR-V,SUVs
Honda,Vezel,SUVs
Honda,WR-V,SUVs
Honda,XR-V,SUVs
Hyundai,Coupé,coupes
Hyundai,Genesis Coupe,coupes
Hyundai,Rohens Coupe,coupes
Hyundai,S Coupé,coupes
Hyundai,Tiburon,coupes
Hyundai,Tuscani,coupes
Hyundai,i20,hatchbacks
Hyundai,Entourage,minivans
Hyundai,ix20,minivans
Hyundai,Lavita,minivans
Hyundai,Matrix,minivans
Hyundai,Santamo,minivans
Hyundai,Trajet,minivans
Hyundai,Aslan,sedans
Hyundai,Azera,sedans
Hyundai,Celesta,sedans
Hyundai,Centennial,sedans
Hyundai,Dynasty,sedans
Hyundai,Equus,sedans
Hyundai,Grandeur,sedans
Hyundai,Marcia,sedans
Hyundai,Mistra,sedans
Hyundai,Moinca,sedans
Hyundai,Reina,sedans
Hyundai,Sonata,sedans
Hyundai,Sonica,sedans
Hyundai,XG,sedans
Hyundai,Celesta RV,station
Hyundai,i30 Wagon,station
Hyundai,i30cw,station
Hyundai,Creta,SUVs
Hyundai,Encino,SUVs
Hyundai,Galloper,SUVs
Hyundai,ix25,SUVs
Hyundai,ix35,SUVs
Hyundai,ix55,SUVs
Hyundai,Kona,SUVs
Hyundai,Maxcruz,SUVs
Hyundai,Nexo,SUVs
Hyundai,Palisade,SUVs
Hyundai,Santa Fe,SUVs
Hyundai,Terracan,SUVs
Hyundai,Tucson,SUVs
Hyundai,Venue,SUVs
Hyundai,Veracruz,SUVs
Infiniti,G coupe,coupes
Infiniti,I30,sedans
Infiniti,M (Y50),sedans
Infiniti,Q45,sedans
Infiniti,Q70L,sedans
Infiniti,ESQ,SUVs
Infiniti,EX,SUVs
Infiniti,FX,SUVs
Infiniti,JX,SUVs
Infiniti,QX,SUVs
Infiniti,QX30,SUVs
Infiniti,QX50,SUVs
Infiniti,QX60,SUVs
Infiniti,QX70,SUVs
Infiniti,QX80,SUVs
Jaguar,XF Sportbrake,station
Jaguar,XJ-S convertible,convertibles
Jaguar,XK Convertible,convertibles
Jaguar,XK120 drop head coupé,convertibles
Jaguar,XK140 drop head coupé,convertibles
Jaguar,XK150 drop head coupé,convertibles
Jaguar,XKR Convertible,convertibles
Jaguar,E-Type coupes,coupes
Jaguar,F-Type coupes,coupes
Jaguar,XJ-C,coupes
Jaguar,XJ-S,coupes
Jaguar,XJ220,coupes
Jaguar,XJR-15,coupes
Jaguar,XK Coupé,coupes
Jaguar,420,sedans
Jaguar,S-Type,sedans
Jaguar,XF Saloon,sedans
Jaguar,XJ (X351),sedans
Jaguar,XJ Mark II,sedans
Jaguar,XJ Series III,sedans
Jaguar,E-Pace,SUVs
Jaguar,F-Pace,SUVs
Jaguar,I-Pace,SUVs
Kia,Cerato Koup,coupes
Kia,Forte Koup,coupes
Kia,K3 Koup,coupes
Kia,Carens,minivans
Kia,Carnival,minivans
Kia,Carstar,minivans
Kia,Joice,minivans
Kia,Rondo,minivans
Kia,Sedona,minivans
Kia,Venga,minivans
Kia,VQ,minivans
Kia,X-Trek,minivans
Kia,cee'd sw (ED),station
Kia,cee'd sw (JD),station
Kia,Ceed sw,station
Kia,Optima Sportswagon,station
Kia,K3S,hatchbacks
Kia,Morning,hatchbacks
Kia,Picanto,hatchbacks
Kia,Amanti,sedans
Kia,Cerato R,sedans
Kia,Enterprise,sedans
Kia,K4,sedans
Kia,K7,sedans
Kia,K9,sedans
Kia,K900,sedans
Kia,Opirus,sedans
Kia,Pegas,sedans
Kia,Quoris,sedans
Kia,Soluto,sedans
Kia,Borrego,SUVs
Kia,KX1,SUVs
Kia,KX3,SUVs
Kia,KX5,SUVs
Kia,KX7,SUVs
Kia,Seltos,SUVs
Kia,Mohave,SUVs
Kia,Niro,SUVs
Kia,Retona,SUVs
Kia,Sonet,SUVs
Kia,Sorento,SUVs
Kia,Sportage,SUVs
Kia,Stonic,SUVs
Kia,Telluride,SUVs
Lamborghini,350 GT,coupes
Lamborghini,Gallardo coupes,coupes
Lamborghini,Huracán LP 610-4 Avio,coupes
Lamborghini,Huracán LP 640-4 Performante,coupes
Lamborghini,Islero,coupes
Lamborghini,Murciélago Coupé,coupes
Lamborghini,Athon,roadsters
Lamborghini,Aventador Roadster,roadsters
Lamborghini,Centenario Roadster,roadsters
Lamborghini,Diablo Roadster,roadsters
Lamborghini,Gallardo Spyder,roadsters
Lamborghini,Huracán Spyder,roadsters
Lamborghini,Murciélago Roadster,roadsters
Lamborghini,Reventón Roadster,roadsters
Lancia,Appia Convertibile Vignale,convertibles
Lancia,Flaminia Convertibile,convertibles
Lancia,Flavia convertible,convertibles
Lancia,2000 Coupé,coupes
Lancia,Appia Pininfarina Coupé,coupes
Lancia,Appia Zagato,coupes
Lancia,Aurelia B20 GT,coupes
Lancia,Beta Coupé,coupes
Lancia,Flaminia Coupé,coupes
Lancia,Flaminia GT,coupes
Lancia,Flaminia Sport,coupes
Lancia,Flaminia Supersport,coupes
Lancia,Flavia Sport,coupes
Lancia,Flavia Super Sport,coupes
Lancia,Flavia Coupé,coupes
Lancia,Fulvia Concept (2003),coupes
Lancia,Fulvia Coupé,coupes
Lancia,Fulvia Sport,coupes
Lancia,Gamma Coupé,coupes
Lancia,Hyena,coupes
Lancia,Kappa Coupé,coupes
Lancia,Beta Montecarlo,coupes
Lancia,"Rally ""Stradale""",coupes
Lancia,Stratos,coupes
Lancia,Beta Berlina,fastbacks
Lancia,Gamma Berlina,fastbacks
Lancia,Delta,hatchbacks
Lancia,Ypsilon,hatchbacks
Lancia,2000 Berlina,sedans
Lancia,Appia Berlina,sedans
Lancia,Aurelia B10/B12/B21,sedans
Lancia,Beta Trevi,sedans
Lancia,Dedra Berlina,sedans
Lancia,Flaminia Berlina,sedans
Lancia,Flavia Berlina,sedans
Lancia,Fulvia Berlina,sedans
Lancia,Gamma Berlina,sedans
Lancia,Kappa Berlina,sedans
Lancia,Lybra Berlina,sedans
Lancia,Prisma,sedans
Lancia,Thema Berlina,sedans
Lancia,Thema (2011),sedans
Lancia,Thesis,sedans
Lancia,Aprilia Francis Lombardi,station
Lancia,Aurelia Viotti Giardinetta,station
Lancia,Dedra SW,station
Lancia,Kappa SW,station
Lancia,Lybra SW,station
Lancia,Thema SW,station
Lincoln,K LeBaron Convertible Sedan,convertibles
Lincoln,Continental (Toronto Spring '12 Classic Car Auction).JPG,convertibles
Lincoln,Continental Convertible (Auto classique Ste-Rose '12).JPG,convertibles
Lincoln,Mark Series,coupes
Lincoln,Town Coupe,coupes
Lincoln,"Cosmopolitan ""Bubble-Top"" Presidential Limousine",limousines
Lincoln,stretch limousines,limousines
Lincoln,Navigator III Limousine 01 China 2012-05-12.JPG,limousines
Lincoln,Navigator III Limousine 02 China 2012-05-12.JPG,limousines
Lincoln,LS,sedans
Lincoln,MKS,sedans
Lincoln,MKZ,sedans
Lincoln,Town Car,sedans
Lincoln,Versailles,sedans
Lincoln,Aviator,SUVs
Lincoln,Corsair,SUVs
Lincoln,MKC,SUVs
Lincoln,MKX,SUVs
Lincoln,Nautilus,SUVs
Lincoln,Navigator,SUVs
Maserati,GranCabrio,convertibles
Maserati,228,coupes
Maserati,Bora,coupes
Maserati,Ghibli II,coupes
Maserati,Karif,coupes
Maserati,Khamsin,coupes
Maserati,Merak,coupes
Maserati,Sebring,coupes
Maserati,Shamal,coupes
Maserati,4XX,sedans
Maserati,Ghibli III,sedans
Maserati,Mistral coupé,sedans
Maserati,Quattroporte,sedans
Mazda,Cosmo,coupes
Mazda,Furai,coupes
Mazda,929 (HB) coupe,coupes
Mazda,MX-3,coupes
Mazda,MX-6,coupes
Mazda,R100,coupes
Mazda,RX-4,coupes
Mazda,RX-5,coupes
Mazda,RX-7,coupes
Mazda,RX-8,coupes
Mazda,323 (BA),hatchbacks
Mazda,323F,hatchbacks
Mazda,Demio (DE),hatchbacks
Mazda,Demio (DJ),hatchbacks
Mazda,Lantis,hatchbacks
Mazda,Protegé5,hatchbacks
Mazda,Biante,minivans
Mazda,Bongo Friendee,minivans
Mazda,MPV,minivans
Mazda,Premacy,minivans
Mazda,VX-1,minivans
Mazda,MX-5,roadsters
Mazda,Roadster,roadsters
Mazda,AZ-Offroad,K-Cars
Mazda,AZ-Wagon,K-Cars
Mazda,B360,K-Cars
Mazda,Carol,K-Cars
Mazda,Chantez,K-Cars
Mazda,Flair,K-Cars
Mazda,Flair Crossover,K-Cars
Mazda,Flair Wagon,K-Cars
Mazda,K360,K-Cars
Mazda,Laputa,K-Cars
Mazda,Porter,K-Cars
Mazda,Porter Cab,K-Cars
Mazda,R360 Coupe,K-Cars
Mazda,Scrum,K-Cars
Mazda,Spiano,K-Cars
Mazda,"626 (GF, North America)",sedans
Mazda,Millenia,sedans
Mazda,Xedos 9,sedans
Mazda,323 (BW),station
Mazda,626 (GV),station
Mazda,626 (GW),station
Mazda,Demio (DW),station
Mazda,Demio (DY),station
Mazda,Familia S-Wagon,station
Mazda,CX-3,SUVs
Mazda,CX-4,SUVs
Mazda,CX-5,SUVs
Mazda,CX-7,SUVs
Mazda,CX-8,SUVs
Mazda,CX-9,SUVs
Mazda,CX-30,SUVs
Mazda,MX-30,SUVs
Mazda,Navajo,SUVs
Mazda,Proceed Levante,SUVs
Mazda,Proceed Marvie,SUVs
Mazda,Tribute,SUVs
Mercedes-Benz,Type 168,minivans
Mercedes-Benz,Type 169,minivans
Mercedes-Benz,B-Class,minivans
Mercedes-Benz,R-Class,minivans
Mercedes-Benz,V-Class,minivans
Mercedes-Benz,Vaneo,minivans
Mercedes-Benz,170 S Cabriolet A,convertibles
Mercedes-Benz,170 S Cabriolet B,convertibles
Mercedes-Benz,170 V Cabriolet A,convertibles
Mercedes-Benz,170 V Cabriolet B,convertibles
Mercedes-Benz,220 Cabriolet A (W187),convertibles
Mercedes-Benz,220 Cabriolet B (W187),convertibles
Mercedes-Benz,220S Cabriolet (W180),convertibles
Mercedes-Benz,220SE Cabriolet (W128),convertibles
Mercedes-Benz,A124,convertibles
Mercedes-Benz,A205,convertibles
Mercedes-Benz,A207,convertibles
Mercedes-Benz,A208,convertibles
Mercedes-Benz,A209,convertibles
Mercedes-Benz,A217,convertibles
Mercedes-Benz,A238,convertibles
Mercedes-Benz,W152,convertibles
Mercedes-Benz,W186 Cabriolet D,convertibles
Mercedes-Benz,W188 Roadster,convertibles
Mercedes-Benz,W189 Cabriolet D,convertibles
Mercedes-Benz,W463 Cabriolet,convertibles
Mercedes-Benz,220 Coupe (W187),coupes
Mercedes-Benz,220S Coupe (W180),coupes
Mercedes-Benz,220SE Coupe (W128),coupes
Mercedes-Benz,300 SLR Uhlenhaut Coupe,coupes
Mercedes-Benz,W188 Coupé,coupes
Mercedes-Benz,540K Coupe in the Auto und Technik Museum Sinsheim,coupes
Mercedes-Benz,C107 SLC,coupes
Mercedes-Benz,C123,coupes
Mercedes-Benz,C124,coupes
Mercedes-Benz,C126,coupes
Mercedes-Benz,C140,coupes
Mercedes-Benz,C197,coupes
Mercedes-Benz,C204,coupes
Mercedes-Benz,C205,coupes
Mercedes-Benz,C207,coupes
Mercedes-Benz,C208,coupes
Mercedes-Benz,C209,coupes
Mercedes-Benz,C217,coupes
Mercedes-Benz,C238,coupes
Mercedes-Benz,CL-Class,coupes
Mercedes-Benz,CL203,coupes
Mercedes-Benz,CLK GTR (street version),coupes
Mercedes-Benz,SLR McLaren coupes,coupes
Mercedes-Benz,W111C,coupes
Mercedes-Benz,W112C,coupes
Mercedes-Benz,W198 300 SL Gullwing,coupes
Mercedes-Benz,C 117,fastbacks
Mercedes-Benz,W176,hatchbacks
Mercedes-Benz,W177,hatchbacks
Mercedes-Benz,stretch limousines,limousines
Mercedes-Benz,W100,limousines
Mercedes-Benz,170 V Roadster,roadsters
Mercedes-Benz,170 VS,roadsters
Mercedes-Benz,500 K Special Roadstar in the Louwman Museum,roadsters
Mercedes-Benz,W29 500 K Special Roadstar in the Mercedes-Benz Museum,roadsters
Mercedes-Benz,540 K Spezialroadster,roadsters
Mercedes-Benz,CLK GTR Roadster,roadsters
Mercedes-Benz,R107 SL,roadsters
Mercedes-Benz,R129,roadsters
Mercedes-Benz,R197,roadsters
Mercedes-Benz,R199,roadsters
Mercedes-Benz,R230,roadsters
Mercedes-Benz,R231,roadsters
Mercedes-Benz,SLC-Class,roadsters
Mercedes-Benz,SLK-Class,roadsters
Mercedes-Benz,W113,roadsters
Mercedes-Benz,W121BII,roadsters
Mercedes-Benz,W198 300 SL Roadster,roadsters
Mercedes-Benz,type 220,sedans
Mercedes-Benz,type 221,sedans
Mercedes-Benz,type 222,sedans
Mercedes-Benz,600,sedans
Mercedes-Benz,EQS,sedans
Mercedes-Benz,V116,sedans
Mercedes-Benz,V140,sedans
Mercedes-Benz,V177,sedans
Mercedes-Benz,V205,sedans
Mercedes-Benz,V212,sedans
Mercedes-Benz,V213,sedans
Mercedes-Benz,V221,sedans
Mercedes-Benz,W100,sedans
Mercedes-Benz,W105,sedans
Mercedes-Benz,W110,sedans
Mercedes-Benz,W112,sedans
Mercedes-Benz,W116,sedans
Mercedes-Benz,W123,sedans
Mercedes-Benz,W124,sedans
Mercedes-Benz,W201,sedans
Mercedes-Benz,W202,sedans
Mercedes-Benz,W205,sedans
Mercedes-Benz,W206,sedans
Mercedes-Benz,W221,sedans
Mercedes-Benz,W223,sedans
Mercedes-Benz,Z177,sedans
Mercedes-Benz,GL-Class,SUVs
Mercedes-Benz,GLA-Class,SUVs
Mercedes-Benz,GLB-Class,SUVs
Mercedes-Benz,GLC-Class,SUVs
Mercedes-Benz,GLE-Class,SUVs
Mercedes-Benz,GLK-Class,SUVs
Mercedes-Benz,GLS-Class,SUVs
Mercedes-Benz,M-Class,SUVs
Mercedes-Benz,EQC,SUVs
Mercedes-Benz,ambulance station wagons,station
Mercedes-Benz,CLA Shooting Brake,station
Mercedes-Benz,CLS Shooting Brake,station
Mercedes-Benz,300D Measuring Wagon,station
Mercedes-Benz,T-Models,station
Mercedes-Benz,IMA Universal,station
Mercedes-Benz,"220D Binz-Aufbau (1970, 60 PS).JPG",station
Mercedes-Benz,W115 Hearse.JPG,station
Mercury,Capri,coupes
Mercury,Cougar (first generation),coupes
Mercury,Cougar (8th generation),coupes
Mercury,LN7,coupes
Mercury,Sun Valley,coupes
Mercury,Villager,minivans
Mercury,Grand Marquis,sedans
Mercury,Milan,sedans
Mercury,Montego,sedans
Mercury,Montego D3,sedans
Mercury,Mystique,sedans
Mercury,woodies,station
Mercury,Colony Park,station
Mercury,Commuter,station
Mercury,Voyager,station
MG,A Coupé,coupes
MG,Midget TA 'Airline' Coupé,coupes
MG,6,fastbacks
MG,3 (2011),hatchbacks
MG,5,hatchbacks
MG,B GT,hatchbacks
MG,B GT V8,hatchbacks
MG,C GT,hatchbacks
MG,Maestro,hatchbacks
MG,A Roadster,roadsters
MG,B Roadster,roadsters
MG,C Roadster,roadsters
MG,J-Type,roadsters
MG,M-Type,roadsters
MG,F,roadsters
MG,TF (2002),roadsters
MG,Midget,roadsters
MG,RV8,roadsters
MG,T,roadsters
MG,350,sedans
MG,550,sedans
MG,6,sedans
MG,7,sedans
MG,GT,sedans
MG,Magnette,sedans
MG,ZT-T,station
Mitsubishi,3000GT,coupes
Mitsubishi,Cordia,coupes
Mitsubishi,Eclipse,coupes
Mitsubishi,FTO,coupes
Mitsubishi,Galant FTO,coupes
Mitsubishi,Galant Lambda,coupes
Mitsubishi,GTO,coupes
Mitsubishi,Minica Skipper,coupes
Mitsubishi,Mirage (1991),coupes
Mitsubishi,Galant GTO,coupes
Mitsubishi,Starion,coupes
Mitsubishi,Colt,hatchbacks
Mitsubishi,Galant Fortis Sportback,hatchbacks
Mitsubishi,Precis,hatchbacks
Mitsubishi,Motors,K-Cars
Mitsubishi,Minica,K-Cars
Mitsubishi,eK,K-Cars
Mitsubishi,360,K-Cars
Mitsubishi,Bravo,K-Cars
Mitsubishi,eK,K-Cars
Mitsubishi,i,K-Cars
Mitsubishi,Leo,K-Cars
Mitsubishi,Minica,K-Cars
Mitsubishi,Minicab,K-Cars
Mitsubishi,Pajero Mini,K-Cars
Mitsubishi,Toppo,K-Cars
Mitsubishi,toppo BJ,K-Cars
Mitsubishi,Town Box,K-Cars
Mitsubishi,Adventure,minivans
Mitsubishi,Chariot,minivans
Mitsubishi,Colt Plus,minivans
Mitsubishi,Freeca,minivans
Mitsubishi,Grandis,minivans
Mitsubishi,Kuda,minivans
Mitsubishi,Maven,minivans
Mitsubishi,Space Wagon,minivans
Mitsubishi,Xpander,minivans
Mitsubishi,Zinger,minivans
Mitsubishi,380,sedans
Mitsubishi,Attrage,sedans
Mitsubishi,Debonair,sedans
Mitsubishi,Dignity,sedans
Mitsubishi,Galant,sedans
Mitsubishi,Mirage G4,sedans
Mitsubishi,Proudia,sedans
Mitsubishi,Virage,sedans
Mitsubishi,Lancer Evolution Wagon,station
Mitsubishi,Legnum,station
Mitsubishi,Airtrek,SUVs
Mitsubishi,ASX,SUVs
Mitsubishi,Challenger,SUVs
Mitsubishi,Eclipse Cross,SUVs
Mitsubishi,Endeavor,SUVs
Mitsubishi,Engelberg Tourer,SUVs
Mitsubishi,eX Concept,SUVs
Mitsubishi,G-Wagon,SUVs
Mitsubishi,Montero,SUVs
Mitsubishi,Nativa,SUVs
Mitsubishi,Outlander,SUVs
Mitsubishi,Pajero,SUVs
Mitsubishi,Shogun Pinin,SUVs
Mitsubishi,Shogun Sport,SUVs
Moskvich,2734,vans
Moskvich,430,vans
Moskvich,2138/2140,sedans
Moskvich,402/403/407,sedans
Moskvich,408/412,sedans
Moskvich,2141,hatchbacks
Moskvich,series S,hatchbacks
Moskvich,2137,station
Moskvich,423,station
Moskvich,426,station
Moskvich,427,station
Nissan,Cherry (N12),hatchbacks
Nissan,Tiida (C12),hatchbacks
Nissan,Axxess,minivans
Nissan,Bassara,minivans
Nissan,Elgrand,minivans
Nissan,Lafesta,minivans
Nissan,Largo,minivans
Nissan,Liberty,minivans
Nissan,Livina,minivans
Nissan,Multi,minivans
Nissan,Prairie,minivans
Nissan,Presage,minivans
Nissan,Quest,minivans
Nissan,Serena,minivans
Nissan,Stanza Wagon,minivans
Nissan,350Z Roadster,roadsters
Nissan,370Z Roadster,roadsters
Nissan,Avenir,station
Nissan,Cefiro (A32) wagon,station
Nissan,Expert,station
Nissan,Stagea,station
Nissan,Sunny (Y10),station
Nissan,Wingroad,station
Nissan,300ZX (Z32) convertible,convertibles
Nissan,Gazelle (Seibu Keisatsu),convertibles
Nissan,Silvia (S15) Varietta,convertibles
Nissan,180SX,coupes
Nissan,200SX,coupes
Nissan,240SX,coupes
Nissan,300ZX (Z32),coupes
Nissan,Altima (U32),coupes
Nissan,NX,coupes
Nissan,Silvia,coupes
Nissan,Skyline coupes,coupes
Nissan,Sunny coupe,coupes
Nissan,Clipper,K-Cars
Nissan,Dayz,K-Cars
Nissan,Kix,K-Cars
Nissan,Moco,K-Cars
Nissan,Otti,K-Cars
Nissan,Pino,K-Cars
Nissan,Roox,K-Cars
Nissan,Model 70 Sedan,sedans
Nissan,Altima Hybrid,sedans
Nissan,Aprio,sedans
Nissan,B13,sedans
Nissan,B17,sedans
Nissan,B18,sedans
Nissan,Bluebird Sylphy,sedans
Nissan,Cedric,sedans
Nissan,Cedric (Y31) sedan,sedans
Nissan,Cima,sedans
Nissan,Fuga,sedans
Nissan,Lannia,sedans
Nissan,Latio,sedans
Nissan,Laurel Altima,sedans
Nissan,Leopard (JY33),sedans
Nissan,Leopard J.Ferie,sedans
Nissan,Maxima,sedans
Nissan,Platina,sedans
Nissan,Presea,sedans
Nissan,President,sedans
Nissan,Sentra,sedans
Nissan,Sylphy Classic,sedans
Nissan,Tiida Latio,sedans
Nissan,Ariya,SUVs
Nissan,Armada,SUVs
Nissan,Dualis,SUVs
Nissan,Juke,SUVs
Nissan,Kicks,SUVs
Nissan,Kix,SUVs
Nissan,Magnite,SUVs
Nissan,Mistral,SUVs
Nissan,Murano,SUVs
Nissan,Paladin,SUVs
Nissan,Pathfinder,SUVs
Nissan,Patrol,SUVs
Nissan,Qashqai,SUVs
Nissan,Rogue,SUVs
Nissan,Safari,SUVs
Nissan,Skyline Crossover,SUVs
Nissan,Terra,SUVs
Nissan,Terrano,SUVs
Nissan,Terrano II,SUVs
Nissan,X-Trail,SUVs
Nissan,Xterra,SUVs
Nissan,ZN6493,SUVs
Oldsmobile,Aurora,sedans
Oldsmobile,Cutlass Supreme sedan (A/G),sedans
Oldsmobile,88 Fiesta,station
Oldsmobile,Custom Cruiser,station
Oldsmobile,Cutlass Cruiser,station
Oldsmobile,Vista Cruiser,station
Opel,Ampera,hatchbacks
Opel,Astra H GTC,hatchbacks
Opel,Astra J GTC,hatchbacks
Opel,Meriva,minivans
Opel,Sintra,minivans
Opel,Zafira,minivans
Opel,Speedster,roadsters
Opel,Astra convertibles,convertibles
Opel,Cascada,convertibles
Opel,Diplomat B Convertible,convertibles
Opel,GT (Roadster),convertibles
Opel,Kadett C Aero,convertibles
Opel,Kadett E convertibles,convertibles
Opel,Olympia Cabriolet,convertibles
Opel,Tigra Twintop,convertibles
Opel,Astra G Coupé,coupes
Opel,Calibra,coupes
Opel,Commodore Coupé,coupes
Opel,Diplomat A Coupé,coupes
Opel,GT,coupes
Opel,Kadett Coupé,coupes
Opel,Manta,coupes
Opel,Monza,coupes
Opel,Rekord Coupé,coupes
Opel,Tigra (GM4200),coupes
Opel,Corsa TR,sedans
Opel,Vectra,sedans
Opel,Astra Caravan,station
Opel,Astra J Sports Tourer,station
Opel,Insignia Sports Tourer,station
Opel,Kadett Caravan,station
Opel,Omega Caravan,station
Opel,Rekord Caravan,station
Opel,Vectra Caravan,station
Opel,Antara,SUVs
Opel,Crossland X,SUVs
Opel,Frontera,SUVs
Opel,Grandland X,SUVs
Opel,Mokka,SUVs
Opel,Monterey,SUVs
Packard,2679 Convertible 1953 A.JPG,convertibles
Packard,2679 Convertible 1953 B.JPG,convertibles
Packard,Serie 2631 Style 2679 Convertible 1953 A.JPG,convertibles
Packard,Serie 2631 Style 2679 Convertible 1953 B.JPG,convertibles
Packard,Serie 2631 Style 2679 Convertible 1953 C.JPG,convertibles
Packard,Serie 2631 Style 2679 Convertible 1953 D.JPG,convertibles
Packard,Serie 2631 Style 2679 Convertible 1953 E.JPG,convertibles
Packard,Serie 2631 Style 2679 Convertible 1953 F.JPG,convertibles
Packard,Serie 2631 Style 2679 Convertible 1953 G.JPG,convertibles
Packard,Super Eight 1501 Convertible Victoria 1937.JPG,convertibles
Packard,Custom Eight oder Standard Model 443 Sedan-Limousine 1928.JPG,limousines
Packard,Six Sedan Limousine 1928 A.JPG,limousines
Packard,Six Sedan Limousine 1928 B.JPG,limousines
Packard,Six Sedan Limousine 1928 C.JPG,limousines
Packard,Six Sedan Limousine 1928 D.JPG,limousines
Packard,Six Sedan Limousine 1928 E.JPG,limousines
Packard,Six Sedan Limousine 1928 F.JPG,limousines
Packard,Six Sedan Limousine 1928 G.JPG,limousines
Packard,645 Deluxe Eight Sedan Limousine Style 375 1929.JPG,limousines
Packard,1101 Eight Club Sedan Limousine 1934 A.JPG,limousines
Packard,1101 Eight Club Sedan Limousine 1934 B.JPG,limousines
Packard,1101 Eight Club Sedan Limousine 1934 C.JPG,limousines
Packard,1101 Eight Club Sedan Limousine 1934 D.JPG,limousines
Packard,1101 Eight Club Sedan Limousine 1934 E.JPG,limousines
Packard,120 C Limousine 1937 Front.JPG,limousines
Packard,120 C Limousine 1937 schräg 1.JPG,limousines
Packard,120 C Limousine 1937 schräg 2.JPG,limousines
Packard,Eight (One-Twenty) Touring Limousine Model 1190 oder Touring Sedan Model 1191 1938.JPG,limousines
Packard,Custom Super Eight Derham Model 22xx 1949.JPG,limousines
Packard,Station Sedan,station
Peugeot,205,hatchbacks
Peugeot,208 GTi,hatchbacks
Peugeot,309,hatchbacks
Peugeot,203 Berline découvrable,convertibles
Peugeot,203 Cabriolet,convertibles
Peugeot,204 Cabriolet,convertibles
Peugeot,205 Cabriolet,convertibles
Peugeot,206 CC,convertibles
Peugeot,207 CC,convertibles
Peugeot,207 Spider,convertibles
Peugeot,302 Darl'Mat,convertibles
Peugeot,304 Cabriolet,convertibles
Peugeot,306 Cabriolet,convertibles
Peugeot,307 CC,convertibles
Peugeot,308 CC,convertibles
Peugeot,402 Darl'Mat,convertibles
Peugeot,402 Paul Arzens,convertibles
Peugeot,402 Éclipse,convertibles
Peugeot,403 Cabriolet,convertibles
Peugeot,404 Cabriolet,convertibles
Peugeot,504 Cabriolet,convertibles
Peugeot,505 Cabriolet concept,convertibles
Peugeot,607 Féline,convertibles
Peugeot,Flux,convertibles
Peugeot,VLV,convertibles
Peugeot,203 Coupé,coupes
Peugeot,204 Coupé,coupes
Peugeot,301 D Coupé,coupes
Peugeot,304 Coupé,coupes
Peugeot,404 Coupé,coupes
Peugeot,406 Coupé,coupes
Peugeot,407 Coupé,coupes
Peugeot,504 Coupé,coupes
Peugeot,505 Coupé concept,coupes
Peugeot,RCZ,coupes
Peugeot,604 Limousine Heuliez,limousines
Peugeot,Limovian (L'Écume des jours),limousines
Peugeot,206 SD,sedans
Peugeot,207 Passion,sedans
Peugeot,301 (2012),sedans
Peugeot,304 berline,sedans
Peugeot,404 sedans,sedans
Peugeot,408,sedans
Peugeot,504 sedan,sedans
Peugeot,508 A sedans,sedans
Peugeot,605,sedans
Peugeot,607,sedans
Peugeot,"202 Limousine commerciale (""Canadienne"")",station
Peugeot,203 Break,station
Peugeot,204 Break,station
Peugeot,206 SW,station
Peugeot,207 SW,station
Peugeot,304 Break,station
Peugeot,305 Break,station
Peugeot,306 Break,station
Peugeot,307 SW,station
Peugeot,308 SW,station
Peugeot,403 Break,station
Peugeot,404 Break,station
Peugeot,405 Break,station
Peugeot,406 Break,station
Peugeot,407 SW,station
Peugeot,504 Break,station
Peugeot,505 Break,station
Peugeot,508 A SW,station
Peugeot,508 B SW,station
Peugeot,508 RXH,station
Peugeot,2008,SUVs
Peugeot,3008,SUVs
Peugeot,4007,SUVs
Peugeot,4008,SUVs
Peugeot,5008 B,SUVs
Peugeot,SxC Concept,SUVs
Plymouth,Fury in the Auto und Technik Museum Sinsheim,convertibles
Plymouth,Fury Convertible (Auto classique Combos Express '12).JPG,convertibles
Plymouth,Valiant Convertible (Auto classique Bellepros Vaudreuil-Dorion '11).JPG,convertibles
Plymouth,Duster,coupes
Plymouth,Neon coupe,coupes
Plymouth,Prowler,roadsters
Plymouth,Neon,sedans
Plymouth,woodies,station
Plymouth,Custom Suburban,station
Plymouth,Deluxe Suburban,station
Plymouth,Sport Suburban,station
Plymouth,Belvedere Wagon (Auto classique Bellepros Vaudreuil-Dorion '11).JPG,station
Plymouth,Savoy 1951.JPG,station
Pontiac,Fiero,coupes
Pontiac,G5 Coupe,coupes
Pontiac,GTO (2004),coupes
Pontiac,Matiz,hatchbacks
Pontiac,Vibe,hatchbacks
Pontiac,Montana,minivans
Pontiac,Trans Sport,minivans
Pontiac,Sunbird Convertible (J-body),convertibles
Pontiac,G8,sedans
Pontiac,Matiz,sedans
Pontiac,Parisienne,sedans
Pontiac,Safari,station
Pontiac,Torrent,SUVs
Porsche,356 Speedster,roadsters
Porsche,911 Speedster,roadsters
Porsche,Boxster,roadsters
Porsche,Targa,convertibles
Porsche,356 convertibles,convertibles
Porsche,911 convertibles,convertibles
Porsche,912 Targa,convertibles
Porsche,968 convertibles,convertibles
Porsche,356 coupes,coupes
Porsche,Typ 64,coupes
Porsche,911 coupes,coupes
Porsche,924,coupes
Porsche,944,coupes
Porsche,959,coupes
Porsche,968 coupes,coupes
Porsche,Cayman,coupes
Porsche,Targa top convertibles,hardtop
Porsche,911 Turbo Rear.JPG,hardtop
Porsche,Cayenne,SUVs
Porsche,Macan,SUVs
Porsche,,Targa
Porsche,911 Targa,Targa
Porsche,912 Targa,Targa
Porsche,914,Targa
Porsche,Carrera GT,Targa
Porsche,convertibles,Targa
Porsche,Targa top convertibles,Targa
Renault,Kwid,hatchbacks
Renault,Lutecia,hatchbacks
Renault,Sandero,hatchbacks
Renault,Vel Satis,hatchbacks
Renault,Espace,minivans
Renault,EZ-GO,minivans
Renault,Scénic,minivans
Renault,Triber,minivans
Renault,Spider,roadsters
Renault,Symbioz Concept,roadsters
Renault,19 Cabriolet,convertibles
Renault,Mégane I Cabriolet,convertibles
Renault,15,coupes
Renault,17,coupes
Renault,Fuego,coupes
Renault,Laguna III Coupé,coupes
Renault,Clio Sedan,sedans
Renault,Clio Symbol,sedans
Renault,Logan,sedans
Renault,Scala,sedans
Renault,Symbol,sedans
Renault,Talisman (2012),sedans
Renault,Thalia,sedans
Renault,12 Break,station
Renault,18 Break,station
Renault,21 Nevada,station
Renault,Clio Wagon,station
Renault,Laguna Wagon,station
Renault,Mégane Wagon,station
Renault,Talisman Grandtour,station
Renault,Captur,SUVs
Renault,Duster,SUVs
Renault,Kadjar,SUVs
Renault,Koleos,SUVs
Rolls-Royce,Camargue,coupes
Rolls-Royce,Phantom Coupé,coupes
Rolls-Royce,Wraith (2013),coupes
Rolls-Royce,Ghost,sedans
Rolls-Royce,Phantom VIII,sedans
Rolls-Royce,Silver Seraph,sedans
Rolls-Royce,Silver Shadow,sedans
Rolls-Royce,Silver Spirit,sedans
Rolls-Royce,Corniche III of the Emperor of Japan,convertibles
Rolls-Royce,Corniche V,convertibles
Rolls-Royce,Dawn,convertibles
Rolls-Royce,Phantom Drophead Coupé,convertibles
Rolls-Royce,Phantom I Open Tourer,convertibles
Rolls-Royce,Phantom I Limousine,limousines
Rolls-Royce,Phantom IV,limousines
Rolls-Royce,Phantom V,limousines
Rolls-Royce,Phantom VI,limousines
Rolls-Royce,stretch limousines,limousines
Rolls-Royce,Phantom IV 0003.JPG,limousines
Rolls-Royce,Phantom IV 0004.JPG,limousines
Rolls-Royce,Phantom IV 0005.JPG,limousines
Rolls-Royce,Phantom IV 0006.JPG,limousines
Saab,9-3 convertible,convertibles
Saab,900 (first generation) convertible,convertibles
Saab,900 (second generation) convertible,convertibles
Saab,Sonett I,convertibles
Saab,92,fastbacks
Saab,93,fastbacks
Saab,96,fastbacks
Saab,9-2X,hatchbacks
Saab,9-3 (YS3D) three-door hatchback,hatchbacks
Saab,900 (first generation) five-door hatchback,hatchbacks
Saab,9000 CC,hatchbacks
Saab,9000 CS,hatchbacks
Saab,9-3 (YS3F) SportSedan,sedans
Saab,9-5 (YS3G) sedan,sedans
Saab,90,sedans
Saab,9000 CD,sedans
Saab,95,station
Saab,9-3 (YS3F) SportCombi,station
Saab,9-3X,station
Saab,9-5 (YS3E) SportCombi,station
Saab,9-5 (YS3G) SportCombi,station
Saab,900 (first generation) Safari,station
Studebaker,Avanti,coupes
Studebaker,Conestoga,station
Studebaker,Wagonaire,station
Subaru,Impreza (GP),hatchbacks
Subaru,Impreza (GT),hatchbacks
Subaru,Dex,minivans
Subaru,Trezia,minivans
Subaru,360,K-Cars
Subaru,Chiffon,K-Cars
Subaru,Dias Wagon,K-Cars
Subaru,Lucra,K-Cars
Subaru,Pleo,K-Cars
Subaru,R-2,K-Cars
Subaru,R1,K-Cars
Subaru,R2,K-Cars
Subaru,Rex,K-Cars
Subaru,Sambar,K-Cars
Subaru,Stella,K-Cars
Subaru,Vivio,K-Cars
Subaru,BM,sedans
Subaru,Impreza (GE),sedans
Subaru,Impreza (GJ),sedans
Subaru,Impreza (GK),sedans
Subaru,Legacy (BC),sedans
Subaru,Legacy (BE),sedans
Subaru,Legacy (BL),sedans
Subaru,Legacy (BN),sedans
Subaru,Legacy (BW),sedans
Subaru,Legacy (BD),sedans
Subaru,WRX,sedans
Subaru,BG,station
Subaru,BR,station
Subaru,BS,station
Subaru,Legacy (BF/BJ),station
Subaru,Legacy (BH),station
Subaru,Legacy (BP),station
Subaru,Levorg,station
Subaru,Ascent,SUVs
Subaru,Forester,SUVs
Subaru,Outback,SUVs
Subaru,Tribeca,SUVs
Subaru,XV,SUVs
Suzuki,Grand Vitara (1st generation),convertibles
Suzuki,GSX-R/4,convertibles
Suzuki,Beidouxing,hatchbacks
Suzuki,Celerio,hatchbacks
Suzuki,Fronte Hatch,hatchbacks
Suzuki,Karimun,hatchbacks
Suzuki,SX4,hatchbacks
Suzuki,Alto,K-Cars
Suzuki,Alto Lapin,K-Cars
Suzuki,Cappuccino,K-Cars
Suzuki,Cara,K-Cars
Suzuki,Carry,K-Cars
Suzuki,Cervo,K-Cars
Suzuki,Every,K-Cars
Suzuki,Fronte,K-Cars
Suzuki,Hustler,K-Cars
Suzuki,Jimny (1st generation),K-Cars
Suzuki,Jimny (2nd generation),K-Cars
Suzuki,Kei,K-Cars
Suzuki,Mighty Boy,K-Cars
Suzuki,MR Wagon,K-Cars
Suzuki,Palette,K-Cars
Suzuki,Spacia,K-Cars
Suzuki,Suzulight,K-Cars
Suzuki,Twin,K-Cars
Suzuki,Wagon R,K-Cars
Suzuki,Alivio,sedans
Suzuki,Ciaz,sedans
Suzuki,Forenza Sedan,sedans
Suzuki,Kizashi,sedans
Suzuki,Lingyang,sedans
Suzuki,SX4 sedan,sedans
Suzuki,Verona,sedans
Suzuki,Forenza Wagon,station
Suzuki,Swace,station
Suzuki,Across (XA50),SUVs
Suzuki,Escudo,SUVs
Suzuki,Grand Vitara,SUVs
Suzuki,Jimny,SUVs
Suzuki,S-Cross,SUVs
Suzuki,Samurai,SUVs
Suzuki,Sidekick,SUVs
Suzuki,SJ,SUVs
Suzuki,Vitara,SUVs
Suzuki,Vitara Brezza,SUVs
Suzuki,X-90,SUVs
Suzuki,Xbee,SUVs
Suzuki,XL-7,SUVs
Toyota,Celica convertibles,convertibles
Toyota,MR-S,convertibles
Toyota,1600GT,coupes
Toyota,2000GT,coupes
Toyota,86,coupes
Toyota,Celica coupes,coupes
Toyota,Corolla (E90) coupé,coupes
Toyota,Corolla Levin,coupes
Toyota,Curren,coupes
Toyota,Cynos,coupes
Toyota,GT86,coupes
Toyota,MR2,coupes
Toyota,Paseo,coupes
Toyota,Sera,coupes
Toyota,Soarer,coupes
Toyota,Sports 800,coupes
Toyota,Supra,coupes
Toyota,Sprinter Trueno,coupes
Toyota,Zelas,coupes
Toyota,Agya,hatchbacks
Toyota,Allex,hatchbacks
Toyota,Aqua,hatchbacks
Toyota,Auris,hatchbacks
Toyota,Avensis (T220) hatchback,hatchbacks
Toyota,Avensis (T250) hatchback,hatchbacks
Toyota,Aygo,hatchbacks
Toyota,Blade,hatchbacks
Toyota,Celica liftbacks,hatchbacks
Toyota,Corolla (E70) liftback,hatchbacks
Toyota,Corolla (E80) hatchback,hatchbacks
Toyota,Corolla (E80) liftback,hatchbacks
Toyota,Corolla (E90) hatchback,hatchbacks
Toyota,Corolla (E90) liftback,hatchbacks
Toyota,Corolla (E100) hatchback,hatchbacks
Toyota,Corolla (E100) liftback,hatchbacks
Toyota,Corolla (E110) hatchback,hatchbacks
Toyota,Corolla (E120) hatchback,hatchbacks
Toyota,Corolla (E150),hatchbacks
Toyota,Corolla (E180) hatchback,hatchbacks
Toyota,Corolla (E210) hatchback,hatchbacks
Toyota,Corolla II,hatchbacks
Toyota,Corsa (L30),hatchbacks
Toyota,Duet,hatchbacks
Toyota,Echo hatchback,hatchbacks
Toyota,Glanza,hatchbacks
Toyota,iQ,hatchbacks
Toyota,Ist,hatchbacks
Toyota,Matrix,hatchbacks
Toyota,Opa,hatchbacks
Toyota,Passo,hatchbacks
Toyota,Pixis Epoch,hatchbacks
Toyota,Pixis Joy,hatchbacks
Toyota,Pixis Space,hatchbacks
Toyota,Prius (XW20),hatchbacks
Toyota,Prius (XW30),hatchbacks
Toyota,Prius (XW50),hatchbacks
Toyota,Starlet (P60),hatchbacks
Toyota,Starlet (P70),hatchbacks
Toyota,Starlet (P80),hatchbacks
Toyota,Starlet (P90),hatchbacks
Toyota,Tazz,hatchbacks
Toyota,Vios FS,hatchbacks
Toyota,Vitz,hatchbacks
Toyota,Voltz,hatchbacks
Toyota,Wigo,hatchbacks
Toyota,WiLL Cypha,hatchbacks
Toyota,WiLL VC,hatchbacks
Toyota,WiLL VS,hatchbacks
Toyota,Yaris hatchback,hatchbacks
Toyota,Pixis Epoch,K-Cars
Toyota,Pixis Joy,K-Cars
Toyota,Pixis Mega,K-Cars
Toyota,Pixis Space,K-Cars
Toyota,Pixis Truck,K-Cars
Toyota,Pixis Van,K-Cars
Toyota,vans,minivans
Toyota,AN140,minivans
Toyota,AN40,minivans
Toyota,Alphard,minivans
Toyota,Avanza,minivans
Toyota,Avensis Verso,minivans
Toyota,bB,minivans
Toyota,Calya,minivans
Toyota,Corolla Spacio,minivans
Toyota,Corolla Verso,minivans
Toyota,Esquire,minivans
Toyota,Estima,minivans
Toyota,E'Z,minivans
Toyota,Fun Cargo,minivans
Toyota,Gaia,minivans
Toyota,GranAce,minivans
Toyota,Grand HiAce,minivans
Toyota,Granvia,minivans
Toyota,HV-M4,minivans
Toyota,Innova,minivans
Toyota,Ipsum,minivans
Toyota,Isis,minivans
Toyota,Kijang,minivans
Toyota,Majesty,minivans
Toyota,Mark X ZiO,minivans
Toyota,NAV1,minivans
Toyota,Noah,minivans
Toyota,Passo Sette,minivans
Toyota,Picnic,minivans
Toyota,Previa,minivans
Toyota,Ractis,minivans
Toyota,Raum,minivans
Toyota,Regius,minivans
Toyota,Regius Van,minivans
Toyota,Roomy,minivans
Toyota,Rukus,minivans
Toyota,Sienna,minivans
Toyota,Sienta,minivans
Toyota,Spade,minivans
Toyota,Sparky,minivans
Toyota,Tank,minivans
Toyota,Tarago,minivans
Toyota,Touring Hiace,minivans
Toyota,TownAce,minivans
Toyota,Vellfire,minivans
Toyota,Verso,minivans
Toyota,Verso-S,minivans
Toyota,Voxy,minivans
Toyota,Wish,minivans
Toyota,Yaris Verso,minivans
Toyota,A-BAT,pickup
Toyota,HiLux,pickup
Toyota,HiLux pickups,pickup
Toyota,Kijang,pickup
Toyota,Land Cruiser (J70) pickup trucks,pickup
Toyota,MiniAce,pickup
Toyota,Publica Pickup,pickup
Toyota,SG,pickup
Toyota,Stout,pickup
Toyota,T100,pickup
Toyota,Tacoma,pickup
Toyota,Tundra,pickup
Toyota,Mighty X.JPG,pickup
Toyota,trucks,pickup
Toyota,Allion,sedans
Toyota,Altezza,sedans
Toyota,Aristo,sedans
Toyota,Avalon,sedans
Toyota,Avensis (T220) sedan,sedans
Toyota,Avensis (T250) sedan,sedans
Toyota,Avensis (T270) sedan,sedans
Toyota,Belta,sedans
Toyota,Brevis,sedans
Toyota,Celica Camry,sedans
Toyota,Celsior,sedans
Toyota,Century,sedans
Toyota,Comfort,sedans
Toyota,Corolla (E170),sedans
Toyota,Corolla (E180) sedan,sedans
Toyota,Corolla (E210) sedan,sedans
Toyota,Crown,sedans
Toyota,Echo sedan,sedans
Toyota,Levin,sedans
Toyota,Mark II (X90),sedans
Toyota,Mark X,sedans
Toyota,Mirai,sedans
Toyota,Origin,sedans
Toyota,Platz,sedans
Toyota,Premio,sedans
Toyota,Prius (XW10),sedans
Toyota,Prius (XW11),sedans
Toyota,Progres,sedans
Toyota,Pronard,sedans
Toyota,Reiz,sedans
Toyota,Sai,sedans
Toyota,Soluna,sedans
Toyota,Sprinter Marino,sedans
Toyota,Verossa,sedans
Toyota,Vios,sedans
Toyota,WiLL Vi,sedans
Toyota,Windom,sedans
Toyota,Yaris sedan,sedans
Toyota,Altezza Gita,station
Toyota,Auris Touring Sports,station
Toyota,Avensis (T250) station wagon,station
Toyota,Avensis (T270) station wagon,station
Toyota,Caldina,station
Toyota,Camry (V20) station wagons,station
Toyota,Camry (XV10) station wagons,station
Toyota,Camry (XV20) station wagon,station
Toyota,Corolla (E90) wagon,station
Toyota,Corolla (E90) 4WD wagon,station
Toyota,Corolla (E100) wagon,station
Toyota,Corolla Fielder,station
Toyota,Corolla Touring (E210),station
Toyota,Corolla Trek,station
Toyota,Crown Estate,station
Toyota,Mark II Blit,station
Toyota,Mark II Qualis,station
Toyota,Mark X ZiO,station
Toyota,Prius (XW40),station
Toyota,Sprinter Carib,station
Toyota,Sprinter van,station
Toyota,Succeed,station
Toyota,4Runner,SUVs
Toyota,Blizzard,SUVs
Toyota,C-HR,SUVs
Toyota,Cami,SUVs
Toyota,Corolla Cross,SUVs
Toyota,FJ Cruiser,SUVs
Toyota,Fortuner,SUVs
Toyota,Harrier,SUVs
Toyota,Highlander,SUVs
Toyota,HiLux Sport Rider,SUVs
Toyota,HiLux Surf,SUVs
Toyota,HiLux SW4,SUVs
Toyota,Izoa,SUVs
Toyota,Kluger,SUVs
Toyota,Land Cruiser,SUVs
Toyota,Land Cruiser Prado,SUVs
Toyota,Raize,SUVs
Toyota,RAV4,SUVs
Toyota,Rush,SUVs
Toyota,Sequoia,SUVs
Toyota,SW4,SUVs
Toyota,Urban Cruiser,SUVs
Toyota,Vanguard,SUVs
Toyota,Venza,SUVs
Toyota,Wildlander,SUVs
Toyota,Yaris Cross,SUVs
Toyota,minivans,vans
Toyota,H200 platform,vans
Toyota,HiAce,vans
Toyota,LiteAce,vans
Toyota,MiniAce,vans
Toyota,Model F,vans
Toyota,Pixis Van,vans
Toyota,ProAce,vans
Toyota,ProAce City,vans
Toyota,Probox,vans
Toyota,Quantum,vans
Toyota,Spacia,vans
Toyota,Succeed,vans
Toyota,TownAce,vans
Toyota,Van,vans
Vauxhall,Cascada,convertibles
Vauxhall,Equus,convertibles
Vauxhall,Calibra,coupes
Vauxhall,Firenza,coupes
Vauxhall,Monaro,coupes
Vauxhall,Royale Coupe,coupes
Vauxhall,XVR,coupes
Vauxhall,Ampera,hatchbacks
Vauxhall,Sintra,minivans
Vauxhall,Zafira,minivans
Vauxhall,Belmont,sedans
Vauxhall,Crossland X,SUVs
Vauxhall,Frontera,SUVs
Vauxhall,Grandland X,SUVs
Vauxhall,Mokka,SUVs
Volkswagen,Corrado,coupes
Volkswagen,Scirocco,coupes
Volkswagen,Type 17,hatchbacks
Volkswagen,Type 5Z,hatchbacks
Volkswagen,City Golf,hatchbacks
Volkswagen,Golf,hatchbacks
Volkswagen,Gran Lavida,hatchbacks
Volkswagen,Gran Santana,hatchbacks
Volkswagen,Lupo,hatchbacks
Volkswagen,up!,hatchbacks
Volkswagen,Type 1KP,minivans
Volkswagen,Golf Sportsvan,minivans
Volkswagen,Routan,minivans
Volkswagen,Sharan,minivans
Volkswagen,Touran,minivans
Volkswagen,Viloran,minivans
Volkswagen,Beetle Cabriolet,convertibles
Volkswagen,Eos,convertibles
Volkswagen,Golf Cabriolet,convertibles
Volkswagen,New Beetle Cabrio,convertibles
Volkswagen,T-Roc Cabriolet,convertibles
Volkswagen,Typ 1 Dannenhauer & Stauss,convertibles
Volkswagen,Type 1 Cabriolet,convertibles
Volkswagen,Type 14 Cabriolet,convertibles
Volkswagen,Type 18,convertibles
Volkswagen,Type 3 Cabriolet,convertibles
Volkswagen,Arteon,fastbacks
Volkswagen,Concept D,fastbacks
Volkswagen,Dasher,fastbacks
Volkswagen,Passat B1,fastbacks
Volkswagen,Passat B2 (fastback),fastbacks
Volkswagen,TL,fastbacks
Volkswagen,Type 1,fastbacks
Volkswagen,Type 3 Fastback,fastbacks
Volkswagen,Amazon,sedans
Volkswagen,Apollo,sedans
Volkswagen,CC,sedans
Volkswagen,Passat CC,sedans
Volkswagen,Clasico,sedans
Volkswagen,GLI,sedans
Volkswagen,Gol sedan,sedans
Volkswagen,K70,sedans
Volkswagen,Lavida (1st generation),sedans
Volkswagen,Logus,sedans
Volkswagen,Passat NMS,sedans
Volkswagen,Phaeton,sedans
Volkswagen,Polo Sedan,sedans
Volkswagen,Polo Classic,sedans
Volkswagen,Polo Jinqu,sedans
Volkswagen,Sagitar,sedans
Volkswagen,Type 16,sedans
Volkswagen,Type 1B,sedans
Volkswagen,Type 1KM,sedans
Volkswagen,Type 3 Sedan,sedans
Volkswagen,Vento,sedans
Volkswagen,Virtus,sedans
Volkswagen,Voyage,sedans
Volkswagen,prototype (boxy ca 1969) 01.JPG,sedans
Volkswagen,prototype (boxy ca 1969) 02.JPG,sedans
Volkswagen,Bora Variant,station
Volkswagen,C-Trek,station
Volkswagen,Golf Alltrack,station
Volkswagen,Golf Variant,station
Volkswagen,Jetta SportWagen,station
Volkswagen,Parati,station
Volkswagen,Passat Alltrack,station
Volkswagen,Passat Variant,station
Volkswagen,Polo Variant,station
Volkswagen,Type 3 Variant,station
Volkswagen,Type 4 Variant,station
Volkswagen,Type 5Z6,station
Volkswagen,Variant,station
Volkswagen,Atlas,SUVs
Volkswagen,ID.4,SUVs
Volkswagen,Nivus,SUVs
Volkswagen,T-Cross,SUVs
Volkswagen,T-Roc,SUVs
Volkswagen,Taigun,SUVs
Volkswagen,Taos,SUVs
Volkswagen,Tayron,SUVs
Volkswagen,Teramont,SUVs
Volkswagen,Tharu,SUVs
Volkswagen,Tiguan,SUVs
Volkswagen,Touareg,SUVs
Volvo,440,hatchbacks
Volvo,C30,hatchbacks
Volvo,480 Cabriolet,convertibles
Volvo,C70 M,convertibles
Volvo,C70 N convertible,convertibles
Volvo,P1900,convertibles
Volvo,ÖV4,convertibles
Volvo,262 C,coupes
Volvo,780,coupes
Volvo,C70 N coupes,coupes
Volvo,P1800 Coupé,coupes
Volvo,PV444,fastbacks
Volvo,PV544,fastbacks
Volvo,stretch limousines,sedans
Volvo,100-series,sedans
Volvo,144,sedans
Volvo,164,sedans
Volvo,242,sedans
Volvo,244,sedans
Volvo,264,sedans
Volvo,460,sedans
Volvo,850 saloon,sedans
Volvo,P120,sedans
Volvo,S40,sedans
Volvo,S60,sedans
Volvo,S70,sedans
Volvo,S80,sedans
Volvo,S90,sedans
Volvo,145,station
Volvo,245,station
Volvo,265,station
Volvo,745,station
Volvo,850 estate,station
Volvo,P210,station
Volvo,P220,station
Volvo,765,station
Volvo,V40,station
Volvo,V50,station
Volvo,V60,station
Volvo,V70,station
Volvo,V90,station
Volvo,XC60,station
Volvo,XC40,SUVs
Volvo,XC60,SUVs
Volvo,XC90,SUVs
Skoda,450,roadsters
Skoda,742,sedans
Skoda,Fabia I Sedan,sedans
Skoda,Favorit sedan,sedans
Skoda,Fabia Combi,station
Skoda,Forman,station
Skoda,Octavia Scout,station
Skoda,Rapid Spaceback,station
Skoda,Superb II Combi,station
Skoda,Superb III Combi,station
Skoda,Kamiq,SUVs
Skoda,Karoq,SUVs
Skoda,Kodiaq,SUVs
Skoda,Yeti,SUVs
